{
    "name": "Genesis Scenario Service",
    "description": "This service allows for a user to perform CRUD actions on scenarios and templates used to define a Space.Sim scenario within the Genesis application.",
    "routes": [
        {
            "category": "Create",
            "route": "/scenarios/add",
            "method": "POST",
            "description": "Will create a scenario object with the information provided",
            "required_inputs": [
                {
                    "field": "name",
                    "type": "string",
                    "description": "The name of the scenario in which to create",
                    "location": "request_body"
                },
                {
                    "field": "description",
                    "type": "string",
                    "description": "A brief explaination of the scenario and its purpose",
                    "location": "request_body"
                }
            ],
            "result": "A JSON object representing the newly generated scenario as it currently appears in the database. See Scenario Model description",
            "errors": [
                {
                    "error": "",
                    "explaination": ""
                }
            ]
        },
        {
            "category": "Create",
            "route": "/templates/add",
            "method": "POST",
            "description": "Will create a template object with the information provided",
            "required_inputs": [
                {
                    "field": "name",
                    "type": "string",
                    "description": "The name of the template in which to create",
                    "location": "request_body"
                },
                {
                    "field": "description",
                    "type": "string",
                    "description": "A brief explaination of the template and its purpose",
                    "location": "request_body"
                },
                {
                    "field": "filepath",
                    "type": "string",
                    "description": "A path to where the templates files will be located",
                    "location": "request_body"
                },
                {
                    "field": "version",
                    "type": "string",
                    "description": "The version of the software that this template works with",
                    "location": "request_body"
                }
            ],
            "result": "A JSON object representing the newly generated template as it currently appears in the database. See Template Model description",
            "errors": [
                {
                    "error": "",
                    "explaination": ""
                }
            ]
        },
        {
            "category": "Read",
            "route": "/sceanrios",
            "method": "GET",
            "description": "Will return all of the scenarios currently stored in the database",
            "required_inputs": [],
            "result": "A JSON object containing all of the scenarios as they currently appear in the database. See Template Model description",
            "errors": [
                {
                    "error": "",
                    "explaination": ""
                }
            ]
        },
        {
            "category": "Read",
            "route": "/sceanrios/:id",
            "method": "GET",
            "description": "Will return the scenario matching the passed id from the database",
            "required_inputs": [],
            "result": "A JSON object containing the requested scenario as they currently appear in the database. See Template Model description",
            "errors": [
                {
                    "error": "",
                    "explaination": ""
                }
            ]
        }
    ],
    "data_models": [
        {
            "model": "Scenario",
            "result_fields": [
                {
                    "field": "id",
                    "type": "number",
                    "description": "This scenarios assigned unique identifier"
                },
                {
                    "field": "name",
                    "type": "string",
                    "description": "The name of the scenario"
                },
                {
                    "field": "description",
                    "type": "string",
                    "description": "A brief explaination of the scenario and its purpose"
                },
                {
                    "field": "lastUpdated",
                    "type": "string",
                    "description": "A MySql string representation of the date that this scenario was last updated"
                },
                {
                    "field": "templateIds",
                    "type": "Number[]",
                    "description": "An array of template ids assigned to this scenario"
                }
            ]
        },
        {
            "model": "Template",
            "result_fields": [
                {
                    "field": "id",
                    "type": "number",
                    "description": "This template's assigned unique identifier"
                },
                {
                    "field": "name",
                    "type": "string",
                    "description": "The name of the template"
                },
                {
                    "field": "description",
                    "type": "string",
                    "description": "A brief explaination of the tempalte and its purpose"
                },
                {
                    "field": "version",
                    "type": "string",
                    "description": "A string representing the version of this template, used to align with a version of its associated applications"
                },
                {
                    "field": "filePath",
                    "type": "string",
                    "description": "The directory path to the location in which this templates data is currently stored"
                }
            ]
        }
    ]
}