{"date":"Wed Nov 09 2022 23:00:36 GMT-0700 (Mountain Standard Time)","error":{},"exception":true,"level":"error","message":"unhandledRejection: The client is closed\nError: The client is closed\n    at RedisSocket.disconnect (D:\\Git_Projects\\CSE_593_Applied_Project\\Code\\genesisFrontEndServer\\node_modules\\@redis\\client\\dist\\lib\\client\\socket.js:77:19)\n    at Commander.disconnect (D:\\Git_Projects\\CSE_593_Applied_Project\\Code\\genesisFrontEndServer\\node_modules\\@redis\\client\\dist\\lib\\client\\index.js:298:64)\n    at D:\\Git_Projects\\CSE_593_Applied_Project\\Code\\genesisFrontEndServer\\src\\database\\redisDatabase.ts:97:17\n    at Generator.next (<anonymous>)\n    at D:\\Git_Projects\\CSE_593_Applied_Project\\Code\\genesisFrontEndServer\\src\\database\\redisDatabase.ts:8:71\n    at new Promise (<anonymous>)\n    at __awaiter (D:\\Git_Projects\\CSE_593_Applied_Project\\Code\\genesisFrontEndServer\\src\\database\\redisDatabase.ts:4:12)\n    at redisConnection (D:\\Git_Projects\\CSE_593_Applied_Project\\Code\\genesisFrontEndServer\\src\\database\\redisDatabase.ts:20:87)\n    at Object.<anonymous> (D:\\Git_Projects\\CSE_593_Applied_Project\\Code\\genesisFrontEndServer\\src\\server.ts:43:16)\n    at Module._compile (node:internal/modules/cjs/loader:1103:14)","os":{"loadavg":[0,0,0],"uptime":105891},"process":{"argv":["C:\\Program Files\\nodejs\\node.exe","src/server.ts"],"cwd":"D:\\Git_Projects\\CSE_593_Applied_Project\\Code\\genesisFrontEndServer","execPath":"C:\\Program Files\\nodejs\\node.exe","gid":null,"memoryUsage":{"arrayBuffers":269424,"external":1170857,"heapTotal":60928000,"heapUsed":35704392,"rss":107053056},"pid":4480,"uid":null,"version":"v16.14.2"},"stack":"Error: The client is closed\n    at RedisSocket.disconnect (D:\\Git_Projects\\CSE_593_Applied_Project\\Code\\genesisFrontEndServer\\node_modules\\@redis\\client\\dist\\lib\\client\\socket.js:77:19)\n    at Commander.disconnect (D:\\Git_Projects\\CSE_593_Applied_Project\\Code\\genesisFrontEndServer\\node_modules\\@redis\\client\\dist\\lib\\client\\index.js:298:64)\n    at D:\\Git_Projects\\CSE_593_Applied_Project\\Code\\genesisFrontEndServer\\src\\database\\redisDatabase.ts:97:17\n    at Generator.next (<anonymous>)\n    at D:\\Git_Projects\\CSE_593_Applied_Project\\Code\\genesisFrontEndServer\\src\\database\\redisDatabase.ts:8:71\n    at new Promise (<anonymous>)\n    at __awaiter (D:\\Git_Projects\\CSE_593_Applied_Project\\Code\\genesisFrontEndServer\\src\\database\\redisDatabase.ts:4:12)\n    at redisConnection (D:\\Git_Projects\\CSE_593_Applied_Project\\Code\\genesisFrontEndServer\\src\\database\\redisDatabase.ts:20:87)\n    at Object.<anonymous> (D:\\Git_Projects\\CSE_593_Applied_Project\\Code\\genesisFrontEndServer\\src\\server.ts:43:16)\n    at Module._compile (node:internal/modules/cjs/loader:1103:14)","timestamp":"2022-11-10T06:00:36.874Z","trace":[{"column":19,"file":"D:\\Git_Projects\\CSE_593_Applied_Project\\Code\\genesisFrontEndServer\\node_modules\\@redis\\client\\dist\\lib\\client\\socket.js","function":"RedisSocket.disconnect","line":77,"method":"disconnect","native":false},{"column":64,"file":"D:\\Git_Projects\\CSE_593_Applied_Project\\Code\\genesisFrontEndServer\\node_modules\\@redis\\client\\dist\\lib\\client\\index.js","function":"Commander.disconnect","line":298,"method":"disconnect","native":false},{"column":17,"file":"D:\\Git_Projects\\CSE_593_Applied_Project\\Code\\genesisFrontEndServer\\src\\database\\redisDatabase.ts","function":null,"line":97,"method":null,"native":false},{"column":null,"file":null,"function":"Generator.next","line":null,"method":"next","native":false},{"column":71,"file":"D:\\Git_Projects\\CSE_593_Applied_Project\\Code\\genesisFrontEndServer\\src\\database\\redisDatabase.ts","function":null,"line":8,"method":null,"native":false},{"column":null,"file":null,"function":"new Promise","line":null,"method":null,"native":false},{"column":12,"file":"D:\\Git_Projects\\CSE_593_Applied_Project\\Code\\genesisFrontEndServer\\src\\database\\redisDatabase.ts","function":"__awaiter","line":4,"method":null,"native":false},{"column":87,"file":"D:\\Git_Projects\\CSE_593_Applied_Project\\Code\\genesisFrontEndServer\\src\\database\\redisDatabase.ts","function":"redisConnection","line":20,"method":null,"native":false},{"column":16,"file":"D:\\Git_Projects\\CSE_593_Applied_Project\\Code\\genesisFrontEndServer\\src\\server.ts","function":null,"line":43,"method":null,"native":false},{"column":14,"file":"node:internal/modules/cjs/loader","function":"Module._compile","line":1103,"method":"_compile","native":false}]}
{"date":"Wed Nov 09 2022 23:42:25 GMT-0700 (Mountain Standard Time)","error":{},"exception":true,"level":"error","message":"uncaughtException: Socket closed unexpectedly\nError: Socket closed unexpectedly\n    at Socket.<anonymous> (D:\\Git_Projects\\CSE_593_Applied_Project\\Code\\genesisFrontEndServer\\node_modules\\@redis\\client\\dist\\lib\\client\\socket.js:185:118)\n    at Object.onceWrapper (node:events:646:26)\n    at Socket.emit (node:events:526:28)\n    at TCP.<anonymous> (node:net:687:12)\n    at TCP.callbackTrampoline (node:internal/async_hooks:130:17)","os":{"loadavg":[0,0,0],"uptime":108400},"process":{"argv":["C:\\Program Files\\nodejs\\node.exe","src/server.ts"],"cwd":"D:\\Git_Projects\\CSE_593_Applied_Project\\Code\\genesisFrontEndServer","execPath":"C:\\Program Files\\nodejs\\node.exe","gid":null,"memoryUsage":{"arrayBuffers":33072,"external":928517,"heapTotal":17674240,"heapUsed":15146488,"rss":70025216},"pid":5988,"uid":null,"version":"v16.14.2"},"stack":"Error: Socket closed unexpectedly\n    at Socket.<anonymous> (D:\\Git_Projects\\CSE_593_Applied_Project\\Code\\genesisFrontEndServer\\node_modules\\@redis\\client\\dist\\lib\\client\\socket.js:185:118)\n    at Object.onceWrapper (node:events:646:26)\n    at Socket.emit (node:events:526:28)\n    at TCP.<anonymous> (node:net:687:12)\n    at TCP.callbackTrampoline (node:internal/async_hooks:130:17)","timestamp":"2022-11-10T06:42:25.536Z","trace":[{"column":118,"file":"D:\\Git_Projects\\CSE_593_Applied_Project\\Code\\genesisFrontEndServer\\node_modules\\@redis\\client\\dist\\lib\\client\\socket.js","function":null,"line":185,"method":null,"native":false},{"column":26,"file":"node:events","function":"Object.onceWrapper","line":646,"method":"onceWrapper","native":false},{"column":28,"file":"node:events","function":"Socket.emit","line":526,"method":"emit","native":false},{"column":12,"file":"node:net","function":null,"line":687,"method":null,"native":false},{"column":17,"file":"node:internal/async_hooks","function":"TCP.callbackTrampoline","line":130,"method":"callbackTrampoline","native":false}]}
{"date":"Wed Nov 09 2022 23:48:45 GMT-0700 (Mountain Standard Time)","error":{},"exception":true,"level":"error","message":"uncaughtException: Got an unexpected reply from Redis\nError: Got an unexpected reply from Redis\n    at Object.onReply (D:\\Git_Projects\\CSE_593_Applied_Project\\Code\\genesisFrontEndServer\\node_modules\\@redis\\client\\dist\\lib\\client\\commands-queue.js:57:27)\n    at RESP2Decoder.write (D:\\Git_Projects\\CSE_593_Applied_Project\\Code\\genesisFrontEndServer\\node_modules\\@redis\\client\\dist\\lib\\client\\RESP2\\decoder.js:119:26)\n    at RedisCommandsQueue.onReplyChunk (D:\\Git_Projects\\CSE_593_Applied_Project\\Code\\genesisFrontEndServer\\node_modules\\@redis\\client\\dist\\lib\\client\\commands-queue.js:203:72)\n    at RedisSocket.<anonymous> (D:\\Git_Projects\\CSE_593_Applied_Project\\Code\\genesisFrontEndServer\\node_modules\\@redis\\client\\dist\\lib\\client\\index.js:351:84)\n    at RedisSocket.emit (node:events:526:28)\n    at Socket.<anonymous> (D:\\Git_Projects\\CSE_593_Applied_Project\\Code\\genesisFrontEndServer\\node_modules\\@redis\\client\\dist\\lib\\client\\socket.js:192:42)\n    at Socket.emit (node:events:526:28)\n    at addChunk (node:internal/streams/readable:315:12)\n    at readableAddChunk (node:internal/streams/readable:289:9)\n    at Socket.Readable.push (node:internal/streams/readable:228:10)","os":{"loadavg":[0,0,0],"uptime":108780},"process":{"argv":["C:\\Program Files\\nodejs\\node.exe","src/server.ts"],"cwd":"D:\\Git_Projects\\CSE_593_Applied_Project\\Code\\genesisFrontEndServer","execPath":"C:\\Program Files\\nodejs\\node.exe","gid":null,"memoryUsage":{"arrayBuffers":180426,"external":1168903,"heapTotal":59879424,"heapUsed":36780760,"rss":107544576},"pid":12512,"uid":null,"version":"v16.14.2"},"stack":"Error: Got an unexpected reply from Redis\n    at Object.onReply (D:\\Git_Projects\\CSE_593_Applied_Project\\Code\\genesisFrontEndServer\\node_modules\\@redis\\client\\dist\\lib\\client\\commands-queue.js:57:27)\n    at RESP2Decoder.write (D:\\Git_Projects\\CSE_593_Applied_Project\\Code\\genesisFrontEndServer\\node_modules\\@redis\\client\\dist\\lib\\client\\RESP2\\decoder.js:119:26)\n    at RedisCommandsQueue.onReplyChunk (D:\\Git_Projects\\CSE_593_Applied_Project\\Code\\genesisFrontEndServer\\node_modules\\@redis\\client\\dist\\lib\\client\\commands-queue.js:203:72)\n    at RedisSocket.<anonymous> (D:\\Git_Projects\\CSE_593_Applied_Project\\Code\\genesisFrontEndServer\\node_modules\\@redis\\client\\dist\\lib\\client\\index.js:351:84)\n    at RedisSocket.emit (node:events:526:28)\n    at Socket.<anonymous> (D:\\Git_Projects\\CSE_593_Applied_Project\\Code\\genesisFrontEndServer\\node_modules\\@redis\\client\\dist\\lib\\client\\socket.js:192:42)\n    at Socket.emit (node:events:526:28)\n    at addChunk (node:internal/streams/readable:315:12)\n    at readableAddChunk (node:internal/streams/readable:289:9)\n    at Socket.Readable.push (node:internal/streams/readable:228:10)","timestamp":"2022-11-10T06:48:45.928Z","trace":[{"column":27,"file":"D:\\Git_Projects\\CSE_593_Applied_Project\\Code\\genesisFrontEndServer\\node_modules\\@redis\\client\\dist\\lib\\client\\commands-queue.js","function":"Object.onReply","line":57,"method":"onReply","native":false},{"column":26,"file":"D:\\Git_Projects\\CSE_593_Applied_Project\\Code\\genesisFrontEndServer\\node_modules\\@redis\\client\\dist\\lib\\client\\RESP2\\decoder.js","function":"RESP2Decoder.write","line":119,"method":"write","native":false},{"column":72,"file":"D:\\Git_Projects\\CSE_593_Applied_Project\\Code\\genesisFrontEndServer\\node_modules\\@redis\\client\\dist\\lib\\client\\commands-queue.js","function":"RedisCommandsQueue.onReplyChunk","line":203,"method":"onReplyChunk","native":false},{"column":84,"file":"D:\\Git_Projects\\CSE_593_Applied_Project\\Code\\genesisFrontEndServer\\node_modules\\@redis\\client\\dist\\lib\\client\\index.js","function":null,"line":351,"method":null,"native":false},{"column":28,"file":"node:events","function":"RedisSocket.emit","line":526,"method":"emit","native":false},{"column":42,"file":"D:\\Git_Projects\\CSE_593_Applied_Project\\Code\\genesisFrontEndServer\\node_modules\\@redis\\client\\dist\\lib\\client\\socket.js","function":null,"line":192,"method":null,"native":false},{"column":28,"file":"node:events","function":"Socket.emit","line":526,"method":"emit","native":false},{"column":12,"file":"node:internal/streams/readable","function":"addChunk","line":315,"method":null,"native":false},{"column":9,"file":"node:internal/streams/readable","function":"readableAddChunk","line":289,"method":null,"native":false},{"column":10,"file":"node:internal/streams/readable","function":"Socket.Readable.push","line":228,"method":"push","native":false}]}
{"date":"Thu Nov 10 2022 00:14:48 GMT-0700 (Mountain Standard Time)","error":{},"exception":true,"level":"error","message":"unhandledRejection: subscribeClient.psubscribe is not a function\nTypeError: subscribeClient.psubscribe is not a function\n    at D:\\Git_Projects\\CSE_593_Applied_Project\\Code\\genesisFrontEndServer\\src\\database\\redisDatabase.ts:127:33\n    at processTicksAndRejections (node:internal/process/task_queues:96:5)","os":{"loadavg":[0,0,0],"uptime":110343},"process":{"argv":["C:\\Program Files\\nodejs\\node.exe","src/server.ts"],"cwd":"D:\\Git_Projects\\CSE_593_Applied_Project\\Code\\genesisFrontEndServer","execPath":"C:\\Program Files\\nodejs\\node.exe","gid":null,"memoryUsage":{"arrayBuffers":159374,"external":1192934,"heapTotal":60928000,"heapUsed":36705648,"rss":109146112},"pid":2712,"uid":null,"version":"v16.14.2"},"stack":"TypeError: subscribeClient.psubscribe is not a function\n    at D:\\Git_Projects\\CSE_593_Applied_Project\\Code\\genesisFrontEndServer\\src\\database\\redisDatabase.ts:127:33\n    at processTicksAndRejections (node:internal/process/task_queues:96:5)","timestamp":"2022-11-10T07:14:48.666Z","trace":[{"column":33,"file":"D:\\Git_Projects\\CSE_593_Applied_Project\\Code\\genesisFrontEndServer\\src\\database\\redisDatabase.ts","function":null,"line":127,"method":null,"native":false},{"column":5,"file":"node:internal/process/task_queues","function":"processTicksAndRejections","line":96,"method":null,"native":false}]}
{"date":"Thu Nov 10 2022 00:15:03 GMT-0700 (Mountain Standard Time)","error":{},"exception":true,"level":"error","message":"uncaughtException: key is not defined\nReferenceError: key is not defined\n    at ServiceSubscribeCallback (D:\\Git_Projects\\CSE_593_Applied_Project\\Code\\genesisFrontEndServer\\src\\database\\redisDatabase.ts:114:96)\n    at Function._RedisCommandsQueue_emitPubSubMessage (D:\\Git_Projects\\CSE_593_Applied_Project\\Code\\genesisFrontEndServer\\node_modules\\@redis\\client\\dist\\lib\\client\\commands-queue.js:241:9)\n    at RedisCommandsQueue._RedisCommandsQueue_handlePubSubReply (D:\\Git_Projects\\CSE_593_Applied_Project\\Code\\genesisFrontEndServer\\node_modules\\@redis\\client\\dist\\lib\\client\\commands-queue.js:286:100)\n    at Object.onReply (D:\\Git_Projects\\CSE_593_Applied_Project\\Code\\genesisFrontEndServer\\node_modules\\@redis\\client\\dist\\lib\\client\\commands-queue.js:53:125)\n    at RESP2Decoder.write (D:\\Git_Projects\\CSE_593_Applied_Project\\Code\\genesisFrontEndServer\\node_modules\\@redis\\client\\dist\\lib\\client\\RESP2\\decoder.js:119:26)\n    at RedisCommandsQueue.onReplyChunk (D:\\Git_Projects\\CSE_593_Applied_Project\\Code\\genesisFrontEndServer\\node_modules\\@redis\\client\\dist\\lib\\client\\commands-queue.js:203:72)\n    at RedisSocket.<anonymous> (D:\\Git_Projects\\CSE_593_Applied_Project\\Code\\genesisFrontEndServer\\node_modules\\@redis\\client\\dist\\lib\\client\\index.js:351:84)\n    at RedisSocket.emit (node:events:526:28)\n    at Socket.<anonymous> (D:\\Git_Projects\\CSE_593_Applied_Project\\Code\\genesisFrontEndServer\\node_modules\\@redis\\client\\dist\\lib\\client\\socket.js:192:42)\n    at Socket.emit (node:events:526:28)","os":{"loadavg":[0,0,0],"uptime":110358},"process":{"argv":["C:\\Program Files\\nodejs\\node.exe","src/server.ts"],"cwd":"D:\\Git_Projects\\CSE_593_Applied_Project\\Code\\genesisFrontEndServer","execPath":"C:\\Program Files\\nodejs\\node.exe","gid":null,"memoryUsage":{"arrayBuffers":42894,"external":953679,"heapTotal":27897856,"heapUsed":16151736,"rss":73052160},"pid":4104,"uid":null,"version":"v16.14.2"},"stack":"ReferenceError: key is not defined\n    at ServiceSubscribeCallback (D:\\Git_Projects\\CSE_593_Applied_Project\\Code\\genesisFrontEndServer\\src\\database\\redisDatabase.ts:114:96)\n    at Function._RedisCommandsQueue_emitPubSubMessage (D:\\Git_Projects\\CSE_593_Applied_Project\\Code\\genesisFrontEndServer\\node_modules\\@redis\\client\\dist\\lib\\client\\commands-queue.js:241:9)\n    at RedisCommandsQueue._RedisCommandsQueue_handlePubSubReply (D:\\Git_Projects\\CSE_593_Applied_Project\\Code\\genesisFrontEndServer\\node_modules\\@redis\\client\\dist\\lib\\client\\commands-queue.js:286:100)\n    at Object.onReply (D:\\Git_Projects\\CSE_593_Applied_Project\\Code\\genesisFrontEndServer\\node_modules\\@redis\\client\\dist\\lib\\client\\commands-queue.js:53:125)\n    at RESP2Decoder.write (D:\\Git_Projects\\CSE_593_Applied_Project\\Code\\genesisFrontEndServer\\node_modules\\@redis\\client\\dist\\lib\\client\\RESP2\\decoder.js:119:26)\n    at RedisCommandsQueue.onReplyChunk (D:\\Git_Projects\\CSE_593_Applied_Project\\Code\\genesisFrontEndServer\\node_modules\\@redis\\client\\dist\\lib\\client\\commands-queue.js:203:72)\n    at RedisSocket.<anonymous> (D:\\Git_Projects\\CSE_593_Applied_Project\\Code\\genesisFrontEndServer\\node_modules\\@redis\\client\\dist\\lib\\client\\index.js:351:84)\n    at RedisSocket.emit (node:events:526:28)\n    at Socket.<anonymous> (D:\\Git_Projects\\CSE_593_Applied_Project\\Code\\genesisFrontEndServer\\node_modules\\@redis\\client\\dist\\lib\\client\\socket.js:192:42)\n    at Socket.emit (node:events:526:28)","timestamp":"2022-11-10T07:15:03.757Z","trace":[{"column":96,"file":"D:\\Git_Projects\\CSE_593_Applied_Project\\Code\\genesisFrontEndServer\\src\\database\\redisDatabase.ts","function":"ServiceSubscribeCallback","line":114,"method":null,"native":false},{"column":9,"file":"D:\\Git_Projects\\CSE_593_Applied_Project\\Code\\genesisFrontEndServer\\node_modules\\@redis\\client\\dist\\lib\\client\\commands-queue.js","function":"Function._RedisCommandsQueue_emitPubSubMessage","line":241,"method":"_RedisCommandsQueue_emitPubSubMessage","native":false},{"column":100,"file":"D:\\Git_Projects\\CSE_593_Applied_Project\\Code\\genesisFrontEndServer\\node_modules\\@redis\\client\\dist\\lib\\client\\commands-queue.js","function":"RedisCommandsQueue._RedisCommandsQueue_handlePubSubReply","line":286,"method":"_RedisCommandsQueue_handlePubSubReply","native":false},{"column":125,"file":"D:\\Git_Projects\\CSE_593_Applied_Project\\Code\\genesisFrontEndServer\\node_modules\\@redis\\client\\dist\\lib\\client\\commands-queue.js","function":"Object.onReply","line":53,"method":"onReply","native":false},{"column":26,"file":"D:\\Git_Projects\\CSE_593_Applied_Project\\Code\\genesisFrontEndServer\\node_modules\\@redis\\client\\dist\\lib\\client\\RESP2\\decoder.js","function":"RESP2Decoder.write","line":119,"method":"write","native":false},{"column":72,"file":"D:\\Git_Projects\\CSE_593_Applied_Project\\Code\\genesisFrontEndServer\\node_modules\\@redis\\client\\dist\\lib\\client\\commands-queue.js","function":"RedisCommandsQueue.onReplyChunk","line":203,"method":"onReplyChunk","native":false},{"column":84,"file":"D:\\Git_Projects\\CSE_593_Applied_Project\\Code\\genesisFrontEndServer\\node_modules\\@redis\\client\\dist\\lib\\client\\index.js","function":null,"line":351,"method":null,"native":false},{"column":28,"file":"node:events","function":"RedisSocket.emit","line":526,"method":"emit","native":false},{"column":42,"file":"D:\\Git_Projects\\CSE_593_Applied_Project\\Code\\genesisFrontEndServer\\node_modules\\@redis\\client\\dist\\lib\\client\\socket.js","function":null,"line":192,"method":null,"native":false},{"column":28,"file":"node:events","function":"Socket.emit","line":526,"method":"emit","native":false}]}
{"date":"Thu Nov 10 2022 00:37:00 GMT-0700 (Mountain Standard Time)","exception":true,"level":"error","message":"unhandledRejection: (no error message)\n  No stack trace","os":{"loadavg":[0,0,0],"uptime":111674},"process":{"argv":["C:\\Program Files\\nodejs\\node.exe","src/server.ts"],"cwd":"D:\\Git_Projects\\CSE_593_Applied_Project\\Code\\genesisFrontEndServer","execPath":"C:\\Program Files\\nodejs\\node.exe","gid":null,"memoryUsage":{"arrayBuffers":158070,"external":1183438,"heapTotal":60665856,"heapUsed":36793544,"rss":109682688},"pid":14176,"uid":null,"version":"v16.14.2"},"timestamp":"2022-11-10T07:37:00.243Z","trace":[{"column":60,"file":"D:\\Git_Projects\\CSE_593_Applied_Project\\Code\\genesisFrontEndServer\\node_modules\\winston\\lib\\winston\\rejection-handler.js","function":"getTrace","line":133,"method":"getTrace","native":false},{"column":19,"file":"D:\\Git_Projects\\CSE_593_Applied_Project\\Code\\genesisFrontEndServer\\node_modules\\winston\\lib\\winston\\rejection-handler.js","function":"getAllInfo","line":95,"method":"getAllInfo","native":false},{"column":23,"file":"D:\\Git_Projects\\CSE_593_Applied_Project\\Code\\genesisFrontEndServer\\node_modules\\winston\\lib\\winston\\rejection-handler.js","function":"_unhandledRejection","line":168,"method":"_unhandledRejection","native":false},{"column":28,"file":"node:events","function":"emit","line":526,"method":"emit","native":false},{"column":21,"file":"D:\\Git_Projects\\CSE_593_Applied_Project\\Code\\genesisFrontEndServer\\node_modules\\source-map-support\\source-map-support.js","function":"process.emit","line":516,"method":"emit","native":false},{"column":20,"file":"node:internal/process/promises","function":"emit","line":140,"method":null,"native":false},{"column":27,"file":"node:internal/process/promises","function":"processPromiseRejections","line":274,"method":null,"native":false},{"column":32,"file":"node:internal/process/task_queues","function":"processTicksAndRejections","line":97,"method":null,"native":false}]}
{"date":"Thu Nov 10 2022 00:37:25 GMT-0700 (Mountain Standard Time)","exception":true,"level":"error","message":"unhandledRejection: (no error message)\n  No stack trace","os":{"loadavg":[0,0,0],"uptime":111699},"process":{"argv":["C:\\Program Files\\nodejs\\node.exe","src/server.ts"],"cwd":"D:\\Git_Projects\\CSE_593_Applied_Project\\Code\\genesisFrontEndServer","execPath":"C:\\Program Files\\nodejs\\node.exe","gid":null,"memoryUsage":{"arrayBuffers":33170,"external":944051,"heapTotal":24227840,"heapUsed":15843576,"rss":74276864},"pid":14292,"uid":null,"version":"v16.14.2"},"timestamp":"2022-11-10T07:37:25.261Z","trace":[{"column":60,"file":"D:\\Git_Projects\\CSE_593_Applied_Project\\Code\\genesisFrontEndServer\\node_modules\\winston\\lib\\winston\\rejection-handler.js","function":"getTrace","line":133,"method":"getTrace","native":false},{"column":19,"file":"D:\\Git_Projects\\CSE_593_Applied_Project\\Code\\genesisFrontEndServer\\node_modules\\winston\\lib\\winston\\rejection-handler.js","function":"getAllInfo","line":95,"method":"getAllInfo","native":false},{"column":23,"file":"D:\\Git_Projects\\CSE_593_Applied_Project\\Code\\genesisFrontEndServer\\node_modules\\winston\\lib\\winston\\rejection-handler.js","function":"_unhandledRejection","line":168,"method":"_unhandledRejection","native":false},{"column":28,"file":"node:events","function":"emit","line":526,"method":"emit","native":false},{"column":21,"file":"D:\\Git_Projects\\CSE_593_Applied_Project\\Code\\genesisFrontEndServer\\node_modules\\source-map-support\\source-map-support.js","function":"process.emit","line":516,"method":"emit","native":false},{"column":20,"file":"node:internal/process/promises","function":"emit","line":140,"method":null,"native":false},{"column":27,"file":"node:internal/process/promises","function":"processPromiseRejections","line":274,"method":null,"native":false},{"column":32,"file":"node:internal/process/task_queues","function":"processTicksAndRejections","line":97,"method":null,"native":false}]}
{"date":"Thu Nov 10 2022 00:37:50 GMT-0700 (Mountain Standard Time)","exception":true,"level":"error","message":"unhandledRejection: (no error message)\n  No stack trace","os":{"loadavg":[0,0,0],"uptime":111724},"process":{"argv":["C:\\Program Files\\nodejs\\node.exe","src/server.ts"],"cwd":"D:\\Git_Projects\\CSE_593_Applied_Project\\Code\\genesisFrontEndServer","execPath":"C:\\Program Files\\nodejs\\node.exe","gid":null,"memoryUsage":{"arrayBuffers":33170,"external":944051,"heapTotal":25538560,"heapUsed":15860296,"rss":74575872},"pid":1256,"uid":null,"version":"v16.14.2"},"timestamp":"2022-11-10T07:37:50.297Z","trace":[{"column":60,"file":"D:\\Git_Projects\\CSE_593_Applied_Project\\Code\\genesisFrontEndServer\\node_modules\\winston\\lib\\winston\\rejection-handler.js","function":"getTrace","line":133,"method":"getTrace","native":false},{"column":19,"file":"D:\\Git_Projects\\CSE_593_Applied_Project\\Code\\genesisFrontEndServer\\node_modules\\winston\\lib\\winston\\rejection-handler.js","function":"getAllInfo","line":95,"method":"getAllInfo","native":false},{"column":23,"file":"D:\\Git_Projects\\CSE_593_Applied_Project\\Code\\genesisFrontEndServer\\node_modules\\winston\\lib\\winston\\rejection-handler.js","function":"_unhandledRejection","line":168,"method":"_unhandledRejection","native":false},{"column":28,"file":"node:events","function":"emit","line":526,"method":"emit","native":false},{"column":21,"file":"D:\\Git_Projects\\CSE_593_Applied_Project\\Code\\genesisFrontEndServer\\node_modules\\source-map-support\\source-map-support.js","function":"process.emit","line":516,"method":"emit","native":false},{"column":20,"file":"node:internal/process/promises","function":"emit","line":140,"method":null,"native":false},{"column":27,"file":"node:internal/process/promises","function":"processPromiseRejections","line":274,"method":null,"native":false},{"column":32,"file":"node:internal/process/task_queues","function":"processTicksAndRejections","line":97,"method":null,"native":false}]}
{"date":"Thu Nov 10 2022 00:38:15 GMT-0700 (Mountain Standard Time)","exception":true,"level":"error","message":"unhandledRejection: (no error message)\n  No stack trace","os":{"loadavg":[0,0,0],"uptime":111749},"process":{"argv":["C:\\Program Files\\nodejs\\node.exe","src/server.ts"],"cwd":"D:\\Git_Projects\\CSE_593_Applied_Project\\Code\\genesisFrontEndServer","execPath":"C:\\Program Files\\nodejs\\node.exe","gid":null,"memoryUsage":{"arrayBuffers":158070,"external":1183438,"heapTotal":60928000,"heapUsed":36566648,"rss":111136768},"pid":3716,"uid":null,"version":"v16.14.2"},"timestamp":"2022-11-10T07:38:15.310Z","trace":[{"column":60,"file":"D:\\Git_Projects\\CSE_593_Applied_Project\\Code\\genesisFrontEndServer\\node_modules\\winston\\lib\\winston\\rejection-handler.js","function":"getTrace","line":133,"method":"getTrace","native":false},{"column":19,"file":"D:\\Git_Projects\\CSE_593_Applied_Project\\Code\\genesisFrontEndServer\\node_modules\\winston\\lib\\winston\\rejection-handler.js","function":"getAllInfo","line":95,"method":"getAllInfo","native":false},{"column":23,"file":"D:\\Git_Projects\\CSE_593_Applied_Project\\Code\\genesisFrontEndServer\\node_modules\\winston\\lib\\winston\\rejection-handler.js","function":"_unhandledRejection","line":168,"method":"_unhandledRejection","native":false},{"column":28,"file":"node:events","function":"emit","line":526,"method":"emit","native":false},{"column":21,"file":"D:\\Git_Projects\\CSE_593_Applied_Project\\Code\\genesisFrontEndServer\\node_modules\\source-map-support\\source-map-support.js","function":"process.emit","line":516,"method":"emit","native":false},{"column":20,"file":"node:internal/process/promises","function":"emit","line":140,"method":null,"native":false},{"column":27,"file":"node:internal/process/promises","function":"processPromiseRejections","line":274,"method":null,"native":false},{"column":32,"file":"node:internal/process/task_queues","function":"processTicksAndRejections","line":97,"method":null,"native":false}]}
{"date":"Thu Nov 24 2022 00:49:02 GMT-0700 (Mountain Standard Time)","error":{},"exception":true,"level":"error","message":"uncaughtException: cors is not defined\nReferenceError: cors is not defined\n    at Object.<anonymous> (D:\\Git_Projects\\CSE_593_Applied_Project\\Code\\genesisFrontEndServer\\src\\server.ts:55:5)\n    at Module._compile (node:internal/modules/cjs/loader:1103:14)\n    at Module._compile (D:\\Git_Projects\\CSE_593_Applied_Project\\Code\\genesisFrontEndServer\\node_modules\\source-map-support\\source-map-support.js:568:25)\n    at Module.m._compile (C:\\Users\\madma\\AppData\\Local\\Temp\\ts-node-dev-hook-27240238121743143.js:69:33)\n    at Module._extensions..js (node:internal/modules/cjs/loader:1157:10)\n    at require.extensions..jsx.require.extensions..js (C:\\Users\\madma\\AppData\\Local\\Temp\\ts-node-dev-hook-27240238121743143.js:114:20)\n    at require.extensions.<computed> (C:\\Users\\madma\\AppData\\Local\\Temp\\ts-node-dev-hook-27240238121743143.js:71:20)\n    at Object.nodeDevHook [as .ts] (D:\\Git_Projects\\CSE_593_Applied_Project\\Code\\genesisFrontEndServer\\node_modules\\ts-node-dev\\lib\\hook.js:63:13)\n    at Module.load (node:internal/modules/cjs/loader:981:32)\n    at Function.Module._load (node:internal/modules/cjs/loader:822:12)","os":{"loadavg":[0,0,0],"uptime":693777},"process":{"argv":["C:\\Program Files\\nodejs\\node.exe","src/server.ts"],"cwd":"D:\\Git_Projects\\CSE_593_Applied_Project\\Code\\genesisFrontEndServer","execPath":"C:\\Program Files\\nodejs\\node.exe","gid":null,"memoryUsage":{"arrayBuffers":272605,"external":1186168,"heapTotal":60928000,"heapUsed":34511288,"rss":87425024},"pid":8944,"uid":null,"version":"v16.14.2"},"stack":"ReferenceError: cors is not defined\n    at Object.<anonymous> (D:\\Git_Projects\\CSE_593_Applied_Project\\Code\\genesisFrontEndServer\\src\\server.ts:55:5)\n    at Module._compile (node:internal/modules/cjs/loader:1103:14)\n    at Module._compile (D:\\Git_Projects\\CSE_593_Applied_Project\\Code\\genesisFrontEndServer\\node_modules\\source-map-support\\source-map-support.js:568:25)\n    at Module.m._compile (C:\\Users\\madma\\AppData\\Local\\Temp\\ts-node-dev-hook-27240238121743143.js:69:33)\n    at Module._extensions..js (node:internal/modules/cjs/loader:1157:10)\n    at require.extensions..jsx.require.extensions..js (C:\\Users\\madma\\AppData\\Local\\Temp\\ts-node-dev-hook-27240238121743143.js:114:20)\n    at require.extensions.<computed> (C:\\Users\\madma\\AppData\\Local\\Temp\\ts-node-dev-hook-27240238121743143.js:71:20)\n    at Object.nodeDevHook [as .ts] (D:\\Git_Projects\\CSE_593_Applied_Project\\Code\\genesisFrontEndServer\\node_modules\\ts-node-dev\\lib\\hook.js:63:13)\n    at Module.load (node:internal/modules/cjs/loader:981:32)\n    at Function.Module._load (node:internal/modules/cjs/loader:822:12)","timestamp":"2022-11-24T07:49:02.617Z","trace":[{"column":5,"file":"D:\\Git_Projects\\CSE_593_Applied_Project\\Code\\genesisFrontEndServer\\src\\server.ts","function":null,"line":55,"method":null,"native":false},{"column":14,"file":"node:internal/modules/cjs/loader","function":"Module._compile","line":1103,"method":"_compile","native":false},{"column":25,"file":"D:\\Git_Projects\\CSE_593_Applied_Project\\Code\\genesisFrontEndServer\\node_modules\\source-map-support\\source-map-support.js","function":"Module._compile","line":568,"method":"_compile","native":false},{"column":33,"file":"C:\\Users\\madma\\AppData\\Local\\Temp\\ts-node-dev-hook-27240238121743143.js","function":"Module.m._compile","line":69,"method":"_compile","native":false},{"column":10,"file":"node:internal/modules/cjs/loader","function":"Module._extensions..js","line":1157,"method":".js","native":false},{"column":20,"file":"C:\\Users\\madma\\AppData\\Local\\Temp\\ts-node-dev-hook-27240238121743143.js","function":"require.extensions..jsx.require.extensions..js","line":114,"method":".js","native":false},{"column":20,"file":"C:\\Users\\madma\\AppData\\Local\\Temp\\ts-node-dev-hook-27240238121743143.js","function":"require.extensions.<computed>","line":71,"method":"<computed>","native":false},{"column":13,"file":"D:\\Git_Projects\\CSE_593_Applied_Project\\Code\\genesisFrontEndServer\\node_modules\\ts-node-dev\\lib\\hook.js","function":"Object.nodeDevHook [as .ts]","line":63,"method":"ts]","native":false},{"column":32,"file":"node:internal/modules/cjs/loader","function":"Module.load","line":981,"method":"load","native":false},{"column":12,"file":"node:internal/modules/cjs/loader","function":"Module._load","line":822,"method":"_load","native":false}]}
