{"level":"error","message":"Failed to get the spacecraft data model (version ${}) from the template database","timestamp":"2022-11-17T23:32:07.147Z"}
{"level":"error","message":"Failed to get the spacecraft data model (version 4) from the template database","timestamp":"2022-11-17T23:32:39.989Z"}
{"level":"error","message":"Failed to get the spacecraft data model (version 4) from the template database","timestamp":"2022-11-18T04:09:30.383Z"}
{"level":"error","message":"Failed to get the spacecraft data model (version 1) from the template database","timestamp":"2022-11-18T04:10:25.976Z"}
{"level":"error","message":"Failed to get the spacecraft data model (version 1) from the template database","timestamp":"2022-11-18T04:11:27.051Z"}
{"level":"error","message":"Failed to get the spacecraft data model (version 1) from the template database","timestamp":"2022-11-18T04:15:12.354Z"}
{"level":"error","message":"Failed to get the spacecraft data model (version 1) from the template database","timestamp":"2022-11-18T04:15:46.918Z"}
{"level":"error","message":"Failed to get the spacecraft data model (version 1) from the template database","timestamp":"2022-11-18T04:16:06.882Z"}
{"level":"error","message":"Failed to get the spacecraft data model (version 1) from the template database","timestamp":"2022-11-18T04:17:16.535Z"}
{"level":"error","message":"Failed to get the spacecraft data model (version 1) from the template database","timestamp":"2022-11-18T04:27:28.336Z"}
{"level":"error","message":"Failed to import the spacecraft data model (version 4) from the template database. Error: Error: Cannot find module '../../../TemplateDatabase/Spacecraft/v_4/spacecraft.ts'\nRequire stack:\n- D:\\Git_Projects\\CSE_593_Applied_Project\\Code\\genesisModuleService\\src\\routes\\middleware.ts\n- D:\\Git_Projects\\CSE_593_Applied_Project\\Code\\genesisModuleService\\src\\server.ts","timestamp":"2022-11-18T04:33:37.408Z"}
{"level":"error","message":"Failed to import the spacecraft data model (version undefined) from the template database. Error: Error: Cannot find module '../../../TemplateDatabase/Spacecraft/v_undefined/spacecraft.ts'\nRequire stack:\n- D:\\Git_Projects\\CSE_593_Applied_Project\\Code\\genesisModuleService\\src\\routes\\middleware.ts\n- D:\\Git_Projects\\CSE_593_Applied_Project\\Code\\genesisModuleService\\src\\server.ts","timestamp":"2022-11-18T04:37:04.979Z"}
{"level":"error","message":"AddSpacecraft Error : TypeError: spacecraft.AddQuery is not a function","timestamp":"2022-11-18T05:37:31.450Z"}
{"level":"error","message":"AddSpacecraft Error : Error: Unknown database 'Test_Schema'","timestamp":"2022-11-18T05:37:52.814Z"}
{"level":"error","message":"AddSpacecraft Error : Error: Can't add new command when connection is in closed state","timestamp":"2022-11-18T05:38:16.998Z"}
{"level":"error","message":"AddSpacecraft Error : Error: Unknown column 'test' in 'field list'","timestamp":"2022-11-18T05:38:41.215Z"}
{"level":"error","message":"AddSpacecraft Error : Error: Unknown column 'test' in 'field list'","timestamp":"2022-11-18T05:39:48.349Z"}
{"level":"error","message":"AddSpacecraft Error : Error: Field 'pkey' doesn't have a default value","timestamp":"2022-11-18T05:40:23.950Z"}
{"level":"error","message":"middlewareError","meta":{"date":"Fri Nov 18 2022 11:13:23 GMT-0700 (Mountain Standard Time)","error":{},"exception":true,"level":"error","message":"uncaughtException: Cannot read properties of undefined (reading 'pkey')\nTypeError: Cannot read properties of undefined (reading 'pkey')\n    at new Spacecraft (D:\\Git_Projects\\CSE_593_Applied_Project\\Code\\TemplateDatabase\\Spacecraft\\v_1\\spacecraft.ts:12:24)\n    at D:\\Git_Projects\\CSE_593_Applied_Project\\Code\\genesisModuleService\\src\\routes\\routes.ts:47:26\n    at Layer.handle [as handle_request] (D:\\Git_Projects\\CSE_593_Applied_Project\\Code\\genesisModuleService\\node_modules\\express\\lib\\router\\layer.js:95:5)\n    at next (D:\\Git_Projects\\CSE_593_Applied_Project\\Code\\genesisModuleService\\node_modules\\express\\lib\\router\\route.js:144:13)\n    at Route.dispatch (D:\\Git_Projects\\CSE_593_Applied_Project\\Code\\genesisModuleService\\node_modules\\express\\lib\\router\\route.js:114:3)\n    at Layer.handle [as handle_request] (D:\\Git_Projects\\CSE_593_Applied_Project\\Code\\genesisModuleService\\node_modules\\express\\lib\\router\\layer.js:95:5)\n    at D:\\Git_Projects\\CSE_593_Applied_Project\\Code\\genesisModuleService\\node_modules\\express\\lib\\router\\index.js:284:15\n    at Function.process_params (D:\\Git_Projects\\CSE_593_Applied_Project\\Code\\genesisModuleService\\node_modules\\express\\lib\\router\\index.js:346:12)\n    at next (D:\\Git_Projects\\CSE_593_Applied_Project\\Code\\genesisModuleService\\node_modules\\express\\lib\\router\\index.js:280:10)\n    at D:\\Git_Projects\\CSE_593_Applied_Project\\Code\\genesisModuleService\\src\\routes\\middleware.ts:22:17","os":{"loadavg":[0,0,0],"uptime":212841},"process":{"argv":["C:\\Program Files\\nodejs\\node.exe","src/server.ts"],"cwd":"D:\\Git_Projects\\CSE_593_Applied_Project\\Code\\genesisModuleService","execPath":"C:\\Program Files\\nodejs\\node.exe","gid":null,"memoryUsage":{"arrayBuffers":81011,"external":1403147,"heapTotal":70627328,"heapUsed":37188928,"rss":99500032},"pid":4052,"uid":null,"version":"v16.14.2"},"req":{"headers":{"accept":"*/*","accept-encoding":"gzip, deflate, br","connection":"close","content-length":"186","content-type":"application/json","host":"localhost:8001","user-agent":"Thunder Client (https://www.thunderclient.com)"},"httpVersion":"1.1","method":"GET","originalUrl":"/spacecraft/","query":{},"url":"/spacecraft/"},"stack":"TypeError: Cannot read properties of undefined (reading 'pkey')\n    at new Spacecraft (D:\\Git_Projects\\CSE_593_Applied_Project\\Code\\TemplateDatabase\\Spacecraft\\v_1\\spacecraft.ts:12:24)\n    at D:\\Git_Projects\\CSE_593_Applied_Project\\Code\\genesisModuleService\\src\\routes\\routes.ts:47:26\n    at Layer.handle [as handle_request] (D:\\Git_Projects\\CSE_593_Applied_Project\\Code\\genesisModuleService\\node_modules\\express\\lib\\router\\layer.js:95:5)\n    at next (D:\\Git_Projects\\CSE_593_Applied_Project\\Code\\genesisModuleService\\node_modules\\express\\lib\\router\\route.js:144:13)\n    at Route.dispatch (D:\\Git_Projects\\CSE_593_Applied_Project\\Code\\genesisModuleService\\node_modules\\express\\lib\\router\\route.js:114:3)\n    at Layer.handle [as handle_request] (D:\\Git_Projects\\CSE_593_Applied_Project\\Code\\genesisModuleService\\node_modules\\express\\lib\\router\\layer.js:95:5)\n    at D:\\Git_Projects\\CSE_593_Applied_Project\\Code\\genesisModuleService\\node_modules\\express\\lib\\router\\index.js:284:15\n    at Function.process_params (D:\\Git_Projects\\CSE_593_Applied_Project\\Code\\genesisModuleService\\node_modules\\express\\lib\\router\\index.js:346:12)\n    at next (D:\\Git_Projects\\CSE_593_Applied_Project\\Code\\genesisModuleService\\node_modules\\express\\lib\\router\\index.js:280:10)\n    at D:\\Git_Projects\\CSE_593_Applied_Project\\Code\\genesisModuleService\\src\\routes\\middleware.ts:22:17","trace":[{"column":24,"file":"D:\\Git_Projects\\CSE_593_Applied_Project\\Code\\TemplateDatabase\\Spacecraft\\v_1\\spacecraft.ts","function":"new Spacecraft","line":12,"method":null,"native":false},{"column":26,"file":"D:\\Git_Projects\\CSE_593_Applied_Project\\Code\\genesisModuleService\\src\\routes\\routes.ts","function":null,"line":47,"method":null,"native":false},{"column":5,"file":"D:\\Git_Projects\\CSE_593_Applied_Project\\Code\\genesisModuleService\\node_modules\\express\\lib\\router\\layer.js","function":"Layer.handle [as handle_request]","line":95,"method":"handle [as handle_request]","native":false},{"column":13,"file":"D:\\Git_Projects\\CSE_593_Applied_Project\\Code\\genesisModuleService\\node_modules\\express\\lib\\router\\route.js","function":"next","line":144,"method":null,"native":false},{"column":3,"file":"D:\\Git_Projects\\CSE_593_Applied_Project\\Code\\genesisModuleService\\node_modules\\express\\lib\\router\\route.js","function":"Route.dispatch","line":114,"method":"dispatch","native":false},{"column":5,"file":"D:\\Git_Projects\\CSE_593_Applied_Project\\Code\\genesisModuleService\\node_modules\\express\\lib\\router\\layer.js","function":"Layer.handle [as handle_request]","line":95,"method":"handle [as handle_request]","native":false},{"column":15,"file":"D:\\Git_Projects\\CSE_593_Applied_Project\\Code\\genesisModuleService\\node_modules\\express\\lib\\router\\index.js","function":null,"line":284,"method":null,"native":false},{"column":12,"file":"D:\\Git_Projects\\CSE_593_Applied_Project\\Code\\genesisModuleService\\node_modules\\express\\lib\\router\\index.js","function":"Function.process_params","line":346,"method":"process_params","native":false},{"column":10,"file":"D:\\Git_Projects\\CSE_593_Applied_Project\\Code\\genesisModuleService\\node_modules\\express\\lib\\router\\index.js","function":"next","line":280,"method":null,"native":false},{"column":17,"file":"D:\\Git_Projects\\CSE_593_Applied_Project\\Code\\genesisModuleService\\src\\routes\\middleware.ts","function":null,"line":22,"method":null,"native":false}]},"timestamp":"2022-11-18T18:13:23.053Z"}
{"level":"error","message":"middlewareError","meta":{"date":"Fri Nov 18 2022 11:14:30 GMT-0700 (Mountain Standard Time)","error":{},"exception":true,"level":"error","message":"uncaughtException: Cannot read properties of undefined (reading 'pkey')\nTypeError: Cannot read properties of undefined (reading 'pkey')\n    at new Spacecraft (D:\\Git_Projects\\CSE_593_Applied_Project\\Code\\TemplateDatabase\\Spacecraft\\v_1\\spacecraft.ts:12:24)\n    at D:\\Git_Projects\\CSE_593_Applied_Project\\Code\\genesisModuleService\\src\\routes\\routes.ts:47:26\n    at Layer.handle [as handle_request] (D:\\Git_Projects\\CSE_593_Applied_Project\\Code\\genesisModuleService\\node_modules\\express\\lib\\router\\layer.js:95:5)\n    at next (D:\\Git_Projects\\CSE_593_Applied_Project\\Code\\genesisModuleService\\node_modules\\express\\lib\\router\\route.js:144:13)\n    at Route.dispatch (D:\\Git_Projects\\CSE_593_Applied_Project\\Code\\genesisModuleService\\node_modules\\express\\lib\\router\\route.js:114:3)\n    at Layer.handle [as handle_request] (D:\\Git_Projects\\CSE_593_Applied_Project\\Code\\genesisModuleService\\node_modules\\express\\lib\\router\\layer.js:95:5)\n    at D:\\Git_Projects\\CSE_593_Applied_Project\\Code\\genesisModuleService\\node_modules\\express\\lib\\router\\index.js:284:15\n    at Function.process_params (D:\\Git_Projects\\CSE_593_Applied_Project\\Code\\genesisModuleService\\node_modules\\express\\lib\\router\\index.js:346:12)\n    at next (D:\\Git_Projects\\CSE_593_Applied_Project\\Code\\genesisModuleService\\node_modules\\express\\lib\\router\\index.js:280:10)\n    at D:\\Git_Projects\\CSE_593_Applied_Project\\Code\\genesisModuleService\\src\\routes\\middleware.ts:22:17","os":{"loadavg":[0,0,0],"uptime":212908},"process":{"argv":["C:\\Program Files\\nodejs\\node.exe","src/server.ts"],"cwd":"D:\\Git_Projects\\CSE_593_Applied_Project\\Code\\genesisModuleService","execPath":"C:\\Program Files\\nodejs\\node.exe","gid":null,"memoryUsage":{"arrayBuffers":49914,"external":952728,"heapTotal":20819968,"heapUsed":18187160,"rss":52092928},"pid":4052,"uid":null,"version":"v16.14.2"},"req":{"headers":{"accept":"*/*","accept-encoding":"gzip, deflate, br","connection":"close","content-length":"186","content-type":"application/json","host":"localhost:8001","user-agent":"Thunder Client (https://www.thunderclient.com)"},"httpVersion":"1.1","method":"GET","originalUrl":"/spacecraft/","query":{},"url":"/spacecraft/"},"stack":"TypeError: Cannot read properties of undefined (reading 'pkey')\n    at new Spacecraft (D:\\Git_Projects\\CSE_593_Applied_Project\\Code\\TemplateDatabase\\Spacecraft\\v_1\\spacecraft.ts:12:24)\n    at D:\\Git_Projects\\CSE_593_Applied_Project\\Code\\genesisModuleService\\src\\routes\\routes.ts:47:26\n    at Layer.handle [as handle_request] (D:\\Git_Projects\\CSE_593_Applied_Project\\Code\\genesisModuleService\\node_modules\\express\\lib\\router\\layer.js:95:5)\n    at next (D:\\Git_Projects\\CSE_593_Applied_Project\\Code\\genesisModuleService\\node_modules\\express\\lib\\router\\route.js:144:13)\n    at Route.dispatch (D:\\Git_Projects\\CSE_593_Applied_Project\\Code\\genesisModuleService\\node_modules\\express\\lib\\router\\route.js:114:3)\n    at Layer.handle [as handle_request] (D:\\Git_Projects\\CSE_593_Applied_Project\\Code\\genesisModuleService\\node_modules\\express\\lib\\router\\layer.js:95:5)\n    at D:\\Git_Projects\\CSE_593_Applied_Project\\Code\\genesisModuleService\\node_modules\\express\\lib\\router\\index.js:284:15\n    at Function.process_params (D:\\Git_Projects\\CSE_593_Applied_Project\\Code\\genesisModuleService\\node_modules\\express\\lib\\router\\index.js:346:12)\n    at next (D:\\Git_Projects\\CSE_593_Applied_Project\\Code\\genesisModuleService\\node_modules\\express\\lib\\router\\index.js:280:10)\n    at D:\\Git_Projects\\CSE_593_Applied_Project\\Code\\genesisModuleService\\src\\routes\\middleware.ts:22:17","trace":[{"column":24,"file":"D:\\Git_Projects\\CSE_593_Applied_Project\\Code\\TemplateDatabase\\Spacecraft\\v_1\\spacecraft.ts","function":"new Spacecraft","line":12,"method":null,"native":false},{"column":26,"file":"D:\\Git_Projects\\CSE_593_Applied_Project\\Code\\genesisModuleService\\src\\routes\\routes.ts","function":null,"line":47,"method":null,"native":false},{"column":5,"file":"D:\\Git_Projects\\CSE_593_Applied_Project\\Code\\genesisModuleService\\node_modules\\express\\lib\\router\\layer.js","function":"Layer.handle [as handle_request]","line":95,"method":"handle [as handle_request]","native":false},{"column":13,"file":"D:\\Git_Projects\\CSE_593_Applied_Project\\Code\\genesisModuleService\\node_modules\\express\\lib\\router\\route.js","function":"next","line":144,"method":null,"native":false},{"column":3,"file":"D:\\Git_Projects\\CSE_593_Applied_Project\\Code\\genesisModuleService\\node_modules\\express\\lib\\router\\route.js","function":"Route.dispatch","line":114,"method":"dispatch","native":false},{"column":5,"file":"D:\\Git_Projects\\CSE_593_Applied_Project\\Code\\genesisModuleService\\node_modules\\express\\lib\\router\\layer.js","function":"Layer.handle [as handle_request]","line":95,"method":"handle [as handle_request]","native":false},{"column":15,"file":"D:\\Git_Projects\\CSE_593_Applied_Project\\Code\\genesisModuleService\\node_modules\\express\\lib\\router\\index.js","function":null,"line":284,"method":null,"native":false},{"column":12,"file":"D:\\Git_Projects\\CSE_593_Applied_Project\\Code\\genesisModuleService\\node_modules\\express\\lib\\router\\index.js","function":"Function.process_params","line":346,"method":"process_params","native":false},{"column":10,"file":"D:\\Git_Projects\\CSE_593_Applied_Project\\Code\\genesisModuleService\\node_modules\\express\\lib\\router\\index.js","function":"next","line":280,"method":null,"native":false},{"column":17,"file":"D:\\Git_Projects\\CSE_593_Applied_Project\\Code\\genesisModuleService\\src\\routes\\middleware.ts","function":null,"line":22,"method":null,"native":false}]},"timestamp":"2022-11-18T18:14:30.408Z"}
{"level":"error","message":"middlewareError","meta":{"date":"Fri Nov 18 2022 11:15:48 GMT-0700 (Mountain Standard Time)","error":{},"exception":true,"level":"error","message":"uncaughtException: Cannot read properties of undefined (reading 'pkey')\nTypeError: Cannot read properties of undefined (reading 'pkey')\n    at new Spacecraft (D:\\Git_Projects\\CSE_593_Applied_Project\\Code\\TemplateDatabase\\Spacecraft\\v_1\\spacecraft.ts:12:24)\n    at D:\\Git_Projects\\CSE_593_Applied_Project\\Code\\genesisModuleService\\src\\routes\\routes.ts:47:26\n    at Layer.handle [as handle_request] (D:\\Git_Projects\\CSE_593_Applied_Project\\Code\\genesisModuleService\\node_modules\\express\\lib\\router\\layer.js:95:5)\n    at next (D:\\Git_Projects\\CSE_593_Applied_Project\\Code\\genesisModuleService\\node_modules\\express\\lib\\router\\route.js:144:13)\n    at Route.dispatch (D:\\Git_Projects\\CSE_593_Applied_Project\\Code\\genesisModuleService\\node_modules\\express\\lib\\router\\route.js:114:3)\n    at Layer.handle [as handle_request] (D:\\Git_Projects\\CSE_593_Applied_Project\\Code\\genesisModuleService\\node_modules\\express\\lib\\router\\layer.js:95:5)\n    at D:\\Git_Projects\\CSE_593_Applied_Project\\Code\\genesisModuleService\\node_modules\\express\\lib\\router\\index.js:284:15\n    at Function.process_params (D:\\Git_Projects\\CSE_593_Applied_Project\\Code\\genesisModuleService\\node_modules\\express\\lib\\router\\index.js:346:12)\n    at next (D:\\Git_Projects\\CSE_593_Applied_Project\\Code\\genesisModuleService\\node_modules\\express\\lib\\router\\index.js:280:10)\n    at D:\\Git_Projects\\CSE_593_Applied_Project\\Code\\genesisModuleService\\src\\routes\\middleware.ts:22:17","os":{"loadavg":[0,0,0],"uptime":212987},"process":{"argv":["C:\\Program Files\\nodejs\\node.exe","src/server.ts"],"cwd":"D:\\Git_Projects\\CSE_593_Applied_Project\\Code\\genesisModuleService","execPath":"C:\\Program Files\\nodejs\\node.exe","gid":null,"memoryUsage":{"arrayBuffers":297545,"external":1606152,"heapTotal":68530176,"heapUsed":37038192,"rss":120066048},"pid":760,"uid":null,"version":"v16.14.2"},"req":{"headers":{"accept":"*/*","accept-encoding":"gzip, deflate, br","connection":"close","content-length":"186","content-type":"application/json","host":"localhost:8001","user-agent":"Thunder Client (https://www.thunderclient.com)"},"httpVersion":"1.1","method":"GET","originalUrl":"/spacecraft/","query":{},"url":"/spacecraft/"},"stack":"TypeError: Cannot read properties of undefined (reading 'pkey')\n    at new Spacecraft (D:\\Git_Projects\\CSE_593_Applied_Project\\Code\\TemplateDatabase\\Spacecraft\\v_1\\spacecraft.ts:12:24)\n    at D:\\Git_Projects\\CSE_593_Applied_Project\\Code\\genesisModuleService\\src\\routes\\routes.ts:47:26\n    at Layer.handle [as handle_request] (D:\\Git_Projects\\CSE_593_Applied_Project\\Code\\genesisModuleService\\node_modules\\express\\lib\\router\\layer.js:95:5)\n    at next (D:\\Git_Projects\\CSE_593_Applied_Project\\Code\\genesisModuleService\\node_modules\\express\\lib\\router\\route.js:144:13)\n    at Route.dispatch (D:\\Git_Projects\\CSE_593_Applied_Project\\Code\\genesisModuleService\\node_modules\\express\\lib\\router\\route.js:114:3)\n    at Layer.handle [as handle_request] (D:\\Git_Projects\\CSE_593_Applied_Project\\Code\\genesisModuleService\\node_modules\\express\\lib\\router\\layer.js:95:5)\n    at D:\\Git_Projects\\CSE_593_Applied_Project\\Code\\genesisModuleService\\node_modules\\express\\lib\\router\\index.js:284:15\n    at Function.process_params (D:\\Git_Projects\\CSE_593_Applied_Project\\Code\\genesisModuleService\\node_modules\\express\\lib\\router\\index.js:346:12)\n    at next (D:\\Git_Projects\\CSE_593_Applied_Project\\Code\\genesisModuleService\\node_modules\\express\\lib\\router\\index.js:280:10)\n    at D:\\Git_Projects\\CSE_593_Applied_Project\\Code\\genesisModuleService\\src\\routes\\middleware.ts:22:17","trace":[{"column":24,"file":"D:\\Git_Projects\\CSE_593_Applied_Project\\Code\\TemplateDatabase\\Spacecraft\\v_1\\spacecraft.ts","function":"new Spacecraft","line":12,"method":null,"native":false},{"column":26,"file":"D:\\Git_Projects\\CSE_593_Applied_Project\\Code\\genesisModuleService\\src\\routes\\routes.ts","function":null,"line":47,"method":null,"native":false},{"column":5,"file":"D:\\Git_Projects\\CSE_593_Applied_Project\\Code\\genesisModuleService\\node_modules\\express\\lib\\router\\layer.js","function":"Layer.handle [as handle_request]","line":95,"method":"handle [as handle_request]","native":false},{"column":13,"file":"D:\\Git_Projects\\CSE_593_Applied_Project\\Code\\genesisModuleService\\node_modules\\express\\lib\\router\\route.js","function":"next","line":144,"method":null,"native":false},{"column":3,"file":"D:\\Git_Projects\\CSE_593_Applied_Project\\Code\\genesisModuleService\\node_modules\\express\\lib\\router\\route.js","function":"Route.dispatch","line":114,"method":"dispatch","native":false},{"column":5,"file":"D:\\Git_Projects\\CSE_593_Applied_Project\\Code\\genesisModuleService\\node_modules\\express\\lib\\router\\layer.js","function":"Layer.handle [as handle_request]","line":95,"method":"handle [as handle_request]","native":false},{"column":15,"file":"D:\\Git_Projects\\CSE_593_Applied_Project\\Code\\genesisModuleService\\node_modules\\express\\lib\\router\\index.js","function":null,"line":284,"method":null,"native":false},{"column":12,"file":"D:\\Git_Projects\\CSE_593_Applied_Project\\Code\\genesisModuleService\\node_modules\\express\\lib\\router\\index.js","function":"Function.process_params","line":346,"method":"process_params","native":false},{"column":10,"file":"D:\\Git_Projects\\CSE_593_Applied_Project\\Code\\genesisModuleService\\node_modules\\express\\lib\\router\\index.js","function":"next","line":280,"method":null,"native":false},{"column":17,"file":"D:\\Git_Projects\\CSE_593_Applied_Project\\Code\\genesisModuleService\\src\\routes\\middleware.ts","function":null,"line":22,"method":null,"native":false}]},"timestamp":"2022-11-18T18:15:48.976Z"}
{"level":"error","message":"middlewareError","meta":{"date":"Fri Nov 18 2022 11:20:09 GMT-0700 (Mountain Standard Time)","error":{},"exception":true,"level":"error","message":"uncaughtException: spacecraft.getAllQuery is not a function\nTypeError: spacecraft.getAllQuery is not a function\n    at GetAllSpacecraftLogic (D:\\Git_Projects\\CSE_593_Applied_Project\\Code\\genesisModuleService\\src\\routes\\routeLogic.ts:28:44)\n    at D:\\Git_Projects\\CSE_593_Applied_Project\\Code\\genesisModuleService\\src\\routes\\routes.ts:50:34\n    at Layer.handle [as handle_request] (D:\\Git_Projects\\CSE_593_Applied_Project\\Code\\genesisModuleService\\node_modules\\express\\lib\\router\\layer.js:95:5)\n    at next (D:\\Git_Projects\\CSE_593_Applied_Project\\Code\\genesisModuleService\\node_modules\\express\\lib\\router\\route.js:144:13)\n    at Route.dispatch (D:\\Git_Projects\\CSE_593_Applied_Project\\Code\\genesisModuleService\\node_modules\\express\\lib\\router\\route.js:114:3)\n    at Layer.handle [as handle_request] (D:\\Git_Projects\\CSE_593_Applied_Project\\Code\\genesisModuleService\\node_modules\\express\\lib\\router\\layer.js:95:5)\n    at D:\\Git_Projects\\CSE_593_Applied_Project\\Code\\genesisModuleService\\node_modules\\express\\lib\\router\\index.js:284:15\n    at Function.process_params (D:\\Git_Projects\\CSE_593_Applied_Project\\Code\\genesisModuleService\\node_modules\\express\\lib\\router\\index.js:346:12)\n    at next (D:\\Git_Projects\\CSE_593_Applied_Project\\Code\\genesisModuleService\\node_modules\\express\\lib\\router\\index.js:280:10)\n    at D:\\Git_Projects\\CSE_593_Applied_Project\\Code\\genesisModuleService\\src\\routes\\middleware.ts:22:17","os":{"loadavg":[0,0,0],"uptime":213247},"process":{"argv":["C:\\Program Files\\nodejs\\node.exe","src/server.ts"],"cwd":"D:\\Git_Projects\\CSE_593_Applied_Project\\Code\\genesisModuleService","execPath":"C:\\Program Files\\nodejs\\node.exe","gid":null,"memoryUsage":{"arrayBuffers":220125,"external":1426128,"heapTotal":69316608,"heapUsed":36201704,"rss":123752448},"pid":4724,"uid":null,"version":"v16.14.2"},"req":{"headers":{"accept":"*/*","accept-encoding":"gzip, deflate, br","connection":"close","content-length":"186","content-type":"application/json","host":"localhost:8001","user-agent":"Thunder Client (https://www.thunderclient.com)"},"httpVersion":"1.1","method":"GET","originalUrl":"/spacecraft/","query":{},"url":"/spacecraft/"},"stack":"TypeError: spacecraft.getAllQuery is not a function\n    at GetAllSpacecraftLogic (D:\\Git_Projects\\CSE_593_Applied_Project\\Code\\genesisModuleService\\src\\routes\\routeLogic.ts:28:44)\n    at D:\\Git_Projects\\CSE_593_Applied_Project\\Code\\genesisModuleService\\src\\routes\\routes.ts:50:34\n    at Layer.handle [as handle_request] (D:\\Git_Projects\\CSE_593_Applied_Project\\Code\\genesisModuleService\\node_modules\\express\\lib\\router\\layer.js:95:5)\n    at next (D:\\Git_Projects\\CSE_593_Applied_Project\\Code\\genesisModuleService\\node_modules\\express\\lib\\router\\route.js:144:13)\n    at Route.dispatch (D:\\Git_Projects\\CSE_593_Applied_Project\\Code\\genesisModuleService\\node_modules\\express\\lib\\router\\route.js:114:3)\n    at Layer.handle [as handle_request] (D:\\Git_Projects\\CSE_593_Applied_Project\\Code\\genesisModuleService\\node_modules\\express\\lib\\router\\layer.js:95:5)\n    at D:\\Git_Projects\\CSE_593_Applied_Project\\Code\\genesisModuleService\\node_modules\\express\\lib\\router\\index.js:284:15\n    at Function.process_params (D:\\Git_Projects\\CSE_593_Applied_Project\\Code\\genesisModuleService\\node_modules\\express\\lib\\router\\index.js:346:12)\n    at next (D:\\Git_Projects\\CSE_593_Applied_Project\\Code\\genesisModuleService\\node_modules\\express\\lib\\router\\index.js:280:10)\n    at D:\\Git_Projects\\CSE_593_Applied_Project\\Code\\genesisModuleService\\src\\routes\\middleware.ts:22:17","trace":[{"column":44,"file":"D:\\Git_Projects\\CSE_593_Applied_Project\\Code\\genesisModuleService\\src\\routes\\routeLogic.ts","function":"GetAllSpacecraftLogic","line":28,"method":null,"native":false},{"column":34,"file":"D:\\Git_Projects\\CSE_593_Applied_Project\\Code\\genesisModuleService\\src\\routes\\routes.ts","function":null,"line":50,"method":null,"native":false},{"column":5,"file":"D:\\Git_Projects\\CSE_593_Applied_Project\\Code\\genesisModuleService\\node_modules\\express\\lib\\router\\layer.js","function":"Layer.handle [as handle_request]","line":95,"method":"handle [as handle_request]","native":false},{"column":13,"file":"D:\\Git_Projects\\CSE_593_Applied_Project\\Code\\genesisModuleService\\node_modules\\express\\lib\\router\\route.js","function":"next","line":144,"method":null,"native":false},{"column":3,"file":"D:\\Git_Projects\\CSE_593_Applied_Project\\Code\\genesisModuleService\\node_modules\\express\\lib\\router\\route.js","function":"Route.dispatch","line":114,"method":"dispatch","native":false},{"column":5,"file":"D:\\Git_Projects\\CSE_593_Applied_Project\\Code\\genesisModuleService\\node_modules\\express\\lib\\router\\layer.js","function":"Layer.handle [as handle_request]","line":95,"method":"handle [as handle_request]","native":false},{"column":15,"file":"D:\\Git_Projects\\CSE_593_Applied_Project\\Code\\genesisModuleService\\node_modules\\express\\lib\\router\\index.js","function":null,"line":284,"method":null,"native":false},{"column":12,"file":"D:\\Git_Projects\\CSE_593_Applied_Project\\Code\\genesisModuleService\\node_modules\\express\\lib\\router\\index.js","function":"Function.process_params","line":346,"method":"process_params","native":false},{"column":10,"file":"D:\\Git_Projects\\CSE_593_Applied_Project\\Code\\genesisModuleService\\node_modules\\express\\lib\\router\\index.js","function":"next","line":280,"method":null,"native":false},{"column":17,"file":"D:\\Git_Projects\\CSE_593_Applied_Project\\Code\\genesisModuleService\\src\\routes\\middleware.ts","function":null,"line":22,"method":null,"native":false}]},"timestamp":"2022-11-18T18:20:09.183Z"}
{"level":"error","message":"middlewareError","meta":{"date":"Fri Nov 18 2022 11:27:02 GMT-0700 (Mountain Standard Time)","error":{"body":"{\n  \"scenarioName\": \"Test_Schema_1\",\n  \"templateVersion\": 1,\n  \"id\": 1\n  \"name\": \"test_Updated\",\n  \"constellation\": \"test\",\n  \"rx\": 10,\n  \"ry\": 11,\n  \"rz\": 100,\n  \"vx\": 11,\n  \"vy\": 20,\n  \"vz\": 100\n}","expose":true,"status":400,"statusCode":400,"type":"entity.parse.failed"},"exception":true,"level":"error","message":"uncaughtException: Unexpected string in JSON at position 73\nSyntaxError: Unexpected string in JSON at position 73\n    at JSON.parse (<anonymous>)\n    at parse (D:\\Git_Projects\\CSE_593_Applied_Project\\Code\\genesisModuleService\\node_modules\\body-parser\\lib\\types\\json.js:89:19)\n    at D:\\Git_Projects\\CSE_593_Applied_Project\\Code\\genesisModuleService\\node_modules\\body-parser\\lib\\read.js:128:18\n    at AsyncResource.runInAsyncScope (node:async_hooks:201:9)\n    at invokeCallback (D:\\Git_Projects\\CSE_593_Applied_Project\\Code\\genesisModuleService\\node_modules\\raw-body\\index.js:231:16)\n    at done (D:\\Git_Projects\\CSE_593_Applied_Project\\Code\\genesisModuleService\\node_modules\\raw-body\\index.js:220:7)\n    at IncomingMessage.onEnd (D:\\Git_Projects\\CSE_593_Applied_Project\\Code\\genesisModuleService\\node_modules\\raw-body\\index.js:280:7)\n    at IncomingMessage.emit (node:events:538:35)\n    at endReadableNT (node:internal/streams/readable:1345:12)\n    at processTicksAndRejections (node:internal/process/task_queues:83:21)","os":{"loadavg":[0,0,0],"uptime":213660},"process":{"argv":["C:\\Program Files\\nodejs\\node.exe","src/server.ts"],"cwd":"D:\\Git_Projects\\CSE_593_Applied_Project\\Code\\genesisModuleService","execPath":"C:\\Program Files\\nodejs\\node.exe","gid":null,"memoryUsage":{"arrayBuffers":58100,"external":960874,"heapTotal":20557824,"heapUsed":17990960,"rss":77864960},"pid":3204,"uid":null,"version":"v16.14.2"},"req":{"headers":{"accept":"*/*","accept-encoding":"gzip, deflate, br","connection":"close","content-length":"198","content-type":"application/json","host":"localhost:8001","user-agent":"Thunder Client (https://www.thunderclient.com)"},"httpVersion":"1.1","method":"GET","originalUrl":"/spacecraft/update","query":{},"url":"/spacecraft/update"},"stack":"SyntaxError: Unexpected string in JSON at position 73\n    at JSON.parse (<anonymous>)\n    at parse (D:\\Git_Projects\\CSE_593_Applied_Project\\Code\\genesisModuleService\\node_modules\\body-parser\\lib\\types\\json.js:89:19)\n    at D:\\Git_Projects\\CSE_593_Applied_Project\\Code\\genesisModuleService\\node_modules\\body-parser\\lib\\read.js:128:18\n    at AsyncResource.runInAsyncScope (node:async_hooks:201:9)\n    at invokeCallback (D:\\Git_Projects\\CSE_593_Applied_Project\\Code\\genesisModuleService\\node_modules\\raw-body\\index.js:231:16)\n    at done (D:\\Git_Projects\\CSE_593_Applied_Project\\Code\\genesisModuleService\\node_modules\\raw-body\\index.js:220:7)\n    at IncomingMessage.onEnd (D:\\Git_Projects\\CSE_593_Applied_Project\\Code\\genesisModuleService\\node_modules\\raw-body\\index.js:280:7)\n    at IncomingMessage.emit (node:events:538:35)\n    at endReadableNT (node:internal/streams/readable:1345:12)\n    at processTicksAndRejections (node:internal/process/task_queues:83:21)","trace":[{"column":null,"file":null,"function":"JSON.parse","line":null,"method":"parse","native":false},{"column":19,"file":"D:\\Git_Projects\\CSE_593_Applied_Project\\Code\\genesisModuleService\\node_modules\\body-parser\\lib\\types\\json.js","function":"parse","line":89,"method":null,"native":false},{"column":18,"file":"D:\\Git_Projects\\CSE_593_Applied_Project\\Code\\genesisModuleService\\node_modules\\body-parser\\lib\\read.js","function":null,"line":128,"method":null,"native":false},{"column":9,"file":"node:async_hooks","function":"AsyncResource.runInAsyncScope","line":201,"method":"runInAsyncScope","native":false},{"column":16,"file":"D:\\Git_Projects\\CSE_593_Applied_Project\\Code\\genesisModuleService\\node_modules\\raw-body\\index.js","function":"invokeCallback","line":231,"method":null,"native":false},{"column":7,"file":"D:\\Git_Projects\\CSE_593_Applied_Project\\Code\\genesisModuleService\\node_modules\\raw-body\\index.js","function":"done","line":220,"method":null,"native":false},{"column":7,"file":"D:\\Git_Projects\\CSE_593_Applied_Project\\Code\\genesisModuleService\\node_modules\\raw-body\\index.js","function":"IncomingMessage.onEnd","line":280,"method":"onEnd","native":false},{"column":35,"file":"node:events","function":"IncomingMessage.emit","line":538,"method":"emit","native":false},{"column":12,"file":"node:internal/streams/readable","function":"endReadableNT","line":1345,"method":null,"native":false},{"column":21,"file":"node:internal/process/task_queues","function":"processTicksAndRejections","line":83,"method":null,"native":false}]},"timestamp":"2022-11-18T18:27:02.659Z"}
{"level":"error","message":"middlewareError","meta":{"date":"Fri Nov 18 2022 11:27:42 GMT-0700 (Mountain Standard Time)","error":{"body":"{\n  \"scenarioName\": \"Test_Schema_1\",\n  \"templateVersion\": 1,\n  \"id\": 1\n  \"name\": \"test_Updated\",\n  \"constellation\": \"test\",\n  \"rx\": 10,\n  \"ry\": 11,\n  \"rz\": 100,\n  \"vx\": 11,\n  \"vy\": 20,\n  \"vz\": 100\n}","expose":true,"status":400,"statusCode":400,"type":"entity.parse.failed"},"exception":true,"level":"error","message":"uncaughtException: Unexpected string in JSON at position 73\nSyntaxError: Unexpected string in JSON at position 73\n    at JSON.parse (<anonymous>)\n    at parse (D:\\Git_Projects\\CSE_593_Applied_Project\\Code\\genesisModuleService\\node_modules\\body-parser\\lib\\types\\json.js:89:19)\n    at D:\\Git_Projects\\CSE_593_Applied_Project\\Code\\genesisModuleService\\node_modules\\body-parser\\lib\\read.js:128:18\n    at AsyncResource.runInAsyncScope (node:async_hooks:201:9)\n    at invokeCallback (D:\\Git_Projects\\CSE_593_Applied_Project\\Code\\genesisModuleService\\node_modules\\raw-body\\index.js:231:16)\n    at done (D:\\Git_Projects\\CSE_593_Applied_Project\\Code\\genesisModuleService\\node_modules\\raw-body\\index.js:220:7)\n    at IncomingMessage.onEnd (D:\\Git_Projects\\CSE_593_Applied_Project\\Code\\genesisModuleService\\node_modules\\raw-body\\index.js:280:7)\n    at IncomingMessage.emit (node:events:538:35)\n    at endReadableNT (node:internal/streams/readable:1345:12)\n    at processTicksAndRejections (node:internal/process/task_queues:83:21)","os":{"loadavg":[0,0,0],"uptime":213700},"process":{"argv":["C:\\Program Files\\nodejs\\node.exe","src/server.ts"],"cwd":"D:\\Git_Projects\\CSE_593_Applied_Project\\Code\\genesisModuleService","execPath":"C:\\Program Files\\nodejs\\node.exe","gid":null,"memoryUsage":{"arrayBuffers":57690,"external":971311,"heapTotal":20557824,"heapUsed":17948128,"rss":79663104},"pid":3204,"uid":null,"version":"v16.14.2"},"req":{"headers":{"accept":"*/*","accept-encoding":"gzip, deflate, br","connection":"close","content-length":"198","content-type":"application/json","host":"localhost:8001","user-agent":"Thunder Client (https://www.thunderclient.com)"},"httpVersion":"1.1","method":"PUT","originalUrl":"/spacecraft/update","query":{},"url":"/spacecraft/update"},"stack":"SyntaxError: Unexpected string in JSON at position 73\n    at JSON.parse (<anonymous>)\n    at parse (D:\\Git_Projects\\CSE_593_Applied_Project\\Code\\genesisModuleService\\node_modules\\body-parser\\lib\\types\\json.js:89:19)\n    at D:\\Git_Projects\\CSE_593_Applied_Project\\Code\\genesisModuleService\\node_modules\\body-parser\\lib\\read.js:128:18\n    at AsyncResource.runInAsyncScope (node:async_hooks:201:9)\n    at invokeCallback (D:\\Git_Projects\\CSE_593_Applied_Project\\Code\\genesisModuleService\\node_modules\\raw-body\\index.js:231:16)\n    at done (D:\\Git_Projects\\CSE_593_Applied_Project\\Code\\genesisModuleService\\node_modules\\raw-body\\index.js:220:7)\n    at IncomingMessage.onEnd (D:\\Git_Projects\\CSE_593_Applied_Project\\Code\\genesisModuleService\\node_modules\\raw-body\\index.js:280:7)\n    at IncomingMessage.emit (node:events:538:35)\n    at endReadableNT (node:internal/streams/readable:1345:12)\n    at processTicksAndRejections (node:internal/process/task_queues:83:21)","trace":[{"column":null,"file":null,"function":"JSON.parse","line":null,"method":"parse","native":false},{"column":19,"file":"D:\\Git_Projects\\CSE_593_Applied_Project\\Code\\genesisModuleService\\node_modules\\body-parser\\lib\\types\\json.js","function":"parse","line":89,"method":null,"native":false},{"column":18,"file":"D:\\Git_Projects\\CSE_593_Applied_Project\\Code\\genesisModuleService\\node_modules\\body-parser\\lib\\read.js","function":null,"line":128,"method":null,"native":false},{"column":9,"file":"node:async_hooks","function":"AsyncResource.runInAsyncScope","line":201,"method":"runInAsyncScope","native":false},{"column":16,"file":"D:\\Git_Projects\\CSE_593_Applied_Project\\Code\\genesisModuleService\\node_modules\\raw-body\\index.js","function":"invokeCallback","line":231,"method":null,"native":false},{"column":7,"file":"D:\\Git_Projects\\CSE_593_Applied_Project\\Code\\genesisModuleService\\node_modules\\raw-body\\index.js","function":"done","line":220,"method":null,"native":false},{"column":7,"file":"D:\\Git_Projects\\CSE_593_Applied_Project\\Code\\genesisModuleService\\node_modules\\raw-body\\index.js","function":"IncomingMessage.onEnd","line":280,"method":"onEnd","native":false},{"column":35,"file":"node:events","function":"IncomingMessage.emit","line":538,"method":"emit","native":false},{"column":12,"file":"node:internal/streams/readable","function":"endReadableNT","line":1345,"method":null,"native":false},{"column":21,"file":"node:internal/process/task_queues","function":"processTicksAndRejections","line":83,"method":null,"native":false}]},"timestamp":"2022-11-18T18:27:42.379Z"}
{"level":"error","message":"GetAllSpacecraft Error : Error: No database selected","timestamp":"2022-11-24T06:13:23.352Z"}
{"level":"error","message":"GetAllSpacecraft Error : Error: Unknown database 'Test_Schema'","timestamp":"2022-11-24T06:13:37.704Z"}
{"level":"error","message":"GetAllSpacecraft Error : Error: Can't add new command when connection is in closed state","timestamp":"2022-11-24T06:14:46.208Z"}
{"level":"error","message":"GetAllSpacecraft Error : Error: Can't add new command when connection is in closed state","timestamp":"2022-11-24T06:19:03.655Z"}
{"level":"error","message":"GetAllSpacecraft Error : Error: Unknown database 'Test_Schema'","timestamp":"2022-11-24T06:19:20.363Z"}
{"level":"error","message":"GetAllSpacecraft Error : Error: Can't add new command when connection is in closed state","timestamp":"2022-11-24T06:19:44.723Z"}
{"level":"error","message":"GetAllSpacecraft Error : Error: Can't add new command when connection is in closed state","timestamp":"2022-11-24T06:20:08.711Z"}
{"level":"error","message":"GetAllSpacecraft Error : Error: Unknown database 'void'","timestamp":"2022-11-24T06:29:28.850Z"}
{"level":"error","message":"GetAllSpacecraft Error : Error: Can't add new command when connection is in closed state","timestamp":"2022-11-24T06:30:04.518Z"}
{"level":"error","message":"GetAllSpacecraft Error : Error: Can't add new command when connection is in closed state","timestamp":"2022-11-24T06:30:13.223Z"}
{"level":"error","message":"Failed to import the spacecraft data model from the template path provided database. Error: Error: Cannot find module 'Testspacecraft.ts'\nRequire stack:\n- D:\\Git_Projects\\CSE_593_Applied_Project\\Code\\genesisSpacecraftModuleService\\src\\routes\\middleware.ts\n- D:\\Git_Projects\\CSE_593_Applied_Project\\Code\\genesisSpacecraftModuleService\\src\\server.ts","timestamp":"2022-11-25T19:38:09.108Z"}
{"level":"error","message":"Failed to import the spacecraft data model from the template path provided database. Error: Error: Cannot find module 'Testspacecraft.ts'\nRequire stack:\n- D:\\Git_Projects\\CSE_593_Applied_Project\\Code\\genesisSpacecraftModuleService\\src\\routes\\middleware.ts\n- D:\\Git_Projects\\CSE_593_Applied_Project\\Code\\genesisSpacecraftModuleService\\src\\server.ts","timestamp":"2022-11-25T19:38:27.458Z"}
{"level":"error","message":"Failed to import the spacecraft data model from the template path provided database. Error: Error: Cannot find module 'Testspacecraft.ts'\nRequire stack:\n- D:\\Git_Projects\\CSE_593_Applied_Project\\Code\\genesisSpacecraftModuleService\\src\\routes\\middleware.ts\n- D:\\Git_Projects\\CSE_593_Applied_Project\\Code\\genesisSpacecraftModuleService\\src\\server.ts","timestamp":"2022-11-25T19:38:30.269Z"}
{"level":"error","message":"Failed to import the spacecraft data model from the template path provided database. Error: Error: Cannot find module 'Testspacecraft.ts'\nRequire stack:\n- D:\\Git_Projects\\CSE_593_Applied_Project\\Code\\genesisSpacecraftModuleService\\src\\routes\\middleware.ts\n- D:\\Git_Projects\\CSE_593_Applied_Project\\Code\\genesisSpacecraftModuleService\\src\\server.ts","timestamp":"2022-11-25T20:24:56.800Z"}
{"level":"error","message":"Failed to import the spacecraft data model from the template path provided database. Error: Error: Cannot find module 'Testspacecraft.ts'\nRequire stack:\n- D:\\Git_Projects\\CSE_593_Applied_Project\\Code\\genesisSpacecraftModuleService\\src\\routes\\middleware.ts\n- D:\\Git_Projects\\CSE_593_Applied_Project\\Code\\genesisSpacecraftModuleService\\src\\server.ts","timestamp":"2022-11-25T20:25:41.405Z"}
{"level":"error","message":"Failed to import the spacecraft data model from the template path provided database. Error: Error: Cannot find module 'Testspacecraft.ts'\nRequire stack:\n- D:\\Git_Projects\\CSE_593_Applied_Project\\Code\\genesisSpacecraftModuleService\\src\\routes\\middleware.ts\n- D:\\Git_Projects\\CSE_593_Applied_Project\\Code\\genesisSpacecraftModuleService\\src\\server.ts","timestamp":"2022-11-25T20:26:11.705Z"}
{"level":"error","message":"Failed to import the spacecraft data model from the template path provided database. Error: Error: Cannot find module 'Testspacecraft.ts'\nRequire stack:\n- D:\\Git_Projects\\CSE_593_Applied_Project\\Code\\genesisSpacecraftModuleService\\src\\routes\\middleware.ts\n- D:\\Git_Projects\\CSE_593_Applied_Project\\Code\\genesisSpacecraftModuleService\\src\\server.ts","timestamp":"2022-11-25T20:26:23.305Z"}
{"level":"error","message":"Failed to import the spacecraft data model from the template path provided database. Error: Error: Cannot find module 'Testspacecraft.ts'\nRequire stack:\n- D:\\Git_Projects\\CSE_593_Applied_Project\\Code\\genesisSpacecraftModuleService\\src\\routes\\middleware.ts\n- D:\\Git_Projects\\CSE_593_Applied_Project\\Code\\genesisSpacecraftModuleService\\src\\server.ts","timestamp":"2022-11-25T20:27:51.067Z"}
{"level":"error","message":"Failed to import the spacecraft data model from the template path provided database. Error: Error: Cannot find module 'Testspacecraft.ts'\nRequire stack:\n- D:\\Git_Projects\\CSE_593_Applied_Project\\Code\\genesisSpacecraftModuleService\\src\\routes\\middleware.ts\n- D:\\Git_Projects\\CSE_593_Applied_Project\\Code\\genesisSpacecraftModuleService\\src\\server.ts","timestamp":"2022-11-25T20:28:05.562Z"}
{"level":"error","message":"Failed to import the spacecraft data model from the template path provided database. Error: Error: Cannot find module 'Testspacecraft.ts'\nRequire stack:\n- D:\\Git_Projects\\CSE_593_Applied_Project\\Code\\genesisSpacecraftModuleService\\src\\routes\\middleware.ts\n- D:\\Git_Projects\\CSE_593_Applied_Project\\Code\\genesisSpacecraftModuleService\\src\\server.ts","timestamp":"2022-11-25T20:28:53.784Z"}
{"level":"error","message":"Failed to import the spacecraft data model from the template path provided database. Error: Error: Cannot find module 'Testspacecraft.ts'\nRequire stack:\n- D:\\Git_Projects\\CSE_593_Applied_Project\\Code\\genesisSpacecraftModuleService\\src\\routes\\middleware.ts\n- D:\\Git_Projects\\CSE_593_Applied_Project\\Code\\genesisSpacecraftModuleService\\src\\server.ts","timestamp":"2022-11-25T20:29:44.737Z"}
{"level":"error","message":"Failed to import the spacecraft data model from the template path provided database. Error: Error: Cannot find module 'Testspacecraft.ts'\nRequire stack:\n- D:\\Git_Projects\\CSE_593_Applied_Project\\Code\\genesisSpacecraftModuleService\\src\\routes\\middleware.ts\n- D:\\Git_Projects\\CSE_593_Applied_Project\\Code\\genesisSpacecraftModuleService\\src\\server.ts","timestamp":"2022-11-25T20:31:34.867Z"}
{"level":"error","message":"Failed to import the spacecraft data model from the template path provided database. Error: Error: Cannot find module 'Testspacecraft.ts'\nRequire stack:\n- D:\\Git_Projects\\CSE_593_Applied_Project\\Code\\genesisSpacecraftModuleService\\src\\routes\\middleware.ts\n- D:\\Git_Projects\\CSE_593_Applied_Project\\Code\\genesisSpacecraftModuleService\\src\\server.ts","timestamp":"2022-11-25T20:31:55.520Z"}
{"level":"error","message":"Failed to import the spacecraft data model from the template path provided database. Error: Error: Cannot find module 'Testspacecraft.ts'\nRequire stack:\n- D:\\Git_Projects\\CSE_593_Applied_Project\\Code\\genesisSpacecraftModuleService\\src\\routes\\middleware.ts\n- D:\\Git_Projects\\CSE_593_Applied_Project\\Code\\genesisSpacecraftModuleService\\src\\server.ts","timestamp":"2022-11-25T20:39:30.410Z"}
{"level":"error","message":"Failed to import the spacecraft data model from the template path provided database. Error: Error: Cannot find module 'Testspacecraft.ts'\nRequire stack:\n- D:\\Git_Projects\\CSE_593_Applied_Project\\Code\\genesisSpacecraftModuleService\\src\\routes\\middleware.ts\n- D:\\Git_Projects\\CSE_593_Applied_Project\\Code\\genesisSpacecraftModuleService\\src\\server.ts","timestamp":"2022-11-25T20:39:44.359Z"}
{"level":"error","message":"Failed to import the spacecraft data model from the template path provided database. Error: Error: Cannot find module 'Testspacecraft.ts'\nRequire stack:\n- D:\\Git_Projects\\CSE_593_Applied_Project\\Code\\genesisSpacecraftModuleService\\src\\routes\\middleware.ts\n- D:\\Git_Projects\\CSE_593_Applied_Project\\Code\\genesisSpacecraftModuleService\\src\\server.ts","timestamp":"2022-11-25T20:39:48.356Z"}
{"level":"error","message":"Failed to import the spacecraft data model from the template path provided database. Error: Error: Cannot find module 'Testspacecraft.ts'\nRequire stack:\n- D:\\Git_Projects\\CSE_593_Applied_Project\\Code\\genesisSpacecraftModuleService\\src\\routes\\middleware.ts\n- D:\\Git_Projects\\CSE_593_Applied_Project\\Code\\genesisSpacecraftModuleService\\src\\server.ts","timestamp":"2022-11-25T21:53:11.563Z"}
{"level":"error","message":"Failed to import the spacecraft data model from the template path provided database. Error: Error: Cannot find module 'undefinedspacecraft.ts'\nRequire stack:\n- D:\\Git_Projects\\CSE_593_Applied_Project\\Code\\genesisSpacecraftModuleService\\src\\routes\\middleware.ts\n- D:\\Git_Projects\\CSE_593_Applied_Project\\Code\\genesisSpacecraftModuleService\\src\\server.ts","timestamp":"2022-11-25T21:56:04.383Z"}
{"level":"error","message":"Failed to import the spacecraft data model from the template path provided database. Error: Error: Cannot find module 'undefinedspacecraft.ts'\nRequire stack:\n- D:\\Git_Projects\\CSE_593_Applied_Project\\Code\\genesisSpacecraftModuleService\\src\\routes\\middleware.ts\n- D:\\Git_Projects\\CSE_593_Applied_Project\\Code\\genesisSpacecraftModuleService\\src\\server.ts","timestamp":"2022-11-25T21:56:10.369Z"}
{"level":"error","message":"Failed to import the spacecraft data model from the template path provided database. Error: Error: Cannot find module 'Spacecraft\\v_1\\spacecraft.ts'\nRequire stack:\n- D:\\Git_Projects\\CSE_593_Applied_Project\\Code\\genesisSpacecraftModuleService\\src\\routes\\middleware.ts\n- D:\\Git_Projects\\CSE_593_Applied_Project\\Code\\genesisSpacecraftModuleService\\src\\server.ts","timestamp":"2022-11-25T21:56:48.648Z"}
{"level":"error","message":"Failed to import the spacecraft data model from the template path provided database. Error: Error: Cannot find module 'Spacecraft\\v_1\\DataModel.ts'\nRequire stack:\n- D:\\Git_Projects\\CSE_593_Applied_Project\\Code\\genesisSpacecraftModuleService\\src\\routes\\middleware.ts\n- D:\\Git_Projects\\CSE_593_Applied_Project\\Code\\genesisSpacecraftModuleService\\src\\server.ts","timestamp":"2022-11-25T21:57:55.062Z"}
{"level":"error","message":"Failed to import the spacecraft data model from the template path provided database. Error: Error: Cannot find module 'TemplateDatabase\\Spacecraft\\v_1\\DataModel.ts'\nRequire stack:\n- D:\\Git_Projects\\CSE_593_Applied_Project\\Code\\genesisSpacecraftModuleService\\src\\routes\\middleware.ts\n- D:\\Git_Projects\\CSE_593_Applied_Project\\Code\\genesisSpacecraftModuleService\\src\\server.ts","timestamp":"2022-11-25T21:58:43.914Z"}
{"level":"error","message":"Failed to import the spacecraft data model from the template path provided database. Error: Error: Cannot find module 'D:\\Git_Projects\\CSE_593_Applied_Project\\Code\\genesisSpacecraftModuleService\\src\\routes\\TemplateDatabase\\Spacecraft\\v_1\\DataModel.ts'\nRequire stack:\n- D:\\Git_Projects\\CSE_593_Applied_Project\\Code\\genesisSpacecraftModuleService\\src\\routes\\middleware.ts\n- D:\\Git_Projects\\CSE_593_Applied_Project\\Code\\genesisSpacecraftModuleService\\src\\server.ts","timestamp":"2022-11-25T22:00:36.873Z"}
{"level":"error","message":"Failed to import the spacecraft data model from the template path provided database. Error: Error: Cannot find module 'D:\\Git_Projects\\CSE_593_Applied_Project\\Code\\genesisSpacecraftModuleService\\TemplateDatabase\\Spacecraft\\v_1\\DataModel.ts'\nRequire stack:\n- D:\\Git_Projects\\CSE_593_Applied_Project\\Code\\genesisSpacecraftModuleService\\src\\routes\\middleware.ts\n- D:\\Git_Projects\\CSE_593_Applied_Project\\Code\\genesisSpacecraftModuleService\\src\\server.ts","timestamp":"2022-11-25T22:00:55.649Z"}
{"level":"error","message":"RemoveSpacecraft Error : Error: Table 'Test_Schmea.scenarios' doesn't exist","timestamp":"2022-11-26T08:32:08.080Z"}
{"level":"error","message":"Failed to import the spacecraft data model from the template path provided database. Error: Error: Cannot find module 'D:\\Git_Projects\\CSE_593_Applied_Project\\Code\\TemplateDatabase\\Spacecraft\\v_1DataModel.ts'\nRequire stack:\n- D:\\Git_Projects\\CSE_593_Applied_Project\\Code\\genesisSpacecraftModuleService\\src\\routes\\middleware.ts\n- D:\\Git_Projects\\CSE_593_Applied_Project\\Code\\genesisSpacecraftModuleService\\src\\server.ts","timestamp":"2022-12-03T23:10:52.499Z"}
{"level":"error","message":"AddSpacecraft Error : Error: Field 'pkey' doesn't have a default value","timestamp":"2022-12-03T23:28:03.047Z"}
